{
  "hash": "c7008020",
  "configHash": "c6a76894",
  "lockfileHash": "52329d7b",
  "browserHash": "78f64476",
  "optimized": {
    "@angular/common": {
      "src": "../../../../../../node_modules/@angular/common/fesm2022/common.mjs",
      "file": "@angular_common.js",
      "fileHash": "36c06ecd",
      "needsInterop": false
    },
    "@angular/common/http": {
      "src": "../../../../../../node_modules/@angular/common/fesm2022/http.mjs",
      "file": "@angular_common_http.js",
      "fileHash": "3b62e6e5",
      "needsInterop": false
    },
    "@angular/core": {
      "src": "../../../../../../node_modules/@angular/core/fesm2022/core.mjs",
      "file": "@angular_core.js",
      "fileHash": "4dc58f29",
      "needsInterop": false
    },
    "@angular/forms": {
      "src": "../../../../../../node_modules/@angular/forms/fesm2022/forms.mjs",
      "file": "@angular_forms.js",
      "fileHash": "edc83c17",
      "needsInterop": false
    },
    "@angular/platform-browser": {
      "src": "../../../../../../node_modules/@angular/platform-browser/fesm2022/platform-browser.mjs",
      "file": "@angular_platform-browser.js",
      "fileHash": "4bbb3368",
      "needsInterop": false
    },
    "@angular/router": {
      "src": "../../../../../../node_modules/@angular/router/fesm2022/router.mjs",
      "file": "@angular_router.js",
      "fileHash": "e694d180",
      "needsInterop": false
    },
    "rxjs": {
      "src": "../../../../../../node_modules/rxjs/dist/esm5/index.js",
      "file": "rxjs.js",
      "fileHash": "c05b2bc9",
      "needsInterop": false
    }
  },
  "chunks": {
    "chunk-OUSO66EU": {
      "file": "chunk-OUSO66EU.js"
    },
    "chunk-N4MKYZYH": {
      "file": "chunk-N4MKYZYH.js"
    },
    "chunk-46VHM5ZW": {
      "file": "chunk-46VHM5ZW.js"
    },
    "chunk-MAXULBIL": {
      "file": "chunk-MAXULBIL.js"
    },
    "chunk-QFF6SDYS": {
      "file": "chunk-QFF6SDYS.js"
    },
    "chunk-PJVWDKLX": {
      "file": "chunk-PJVWDKLX.js"
    }
  }
}